ingredient,approx_cost_per_100g_usd
achiote coloring,1.0
acini,1.0
acorn squash,1.0
active dry yeast,1.0
active yeast,1.0
adams wheat beer,1.0
ajinomoto,1.0
alaga syrup,1.0
alfalfa honey,1.0
alfalfa sprouts,1.0
alfredo sauce,1.0
all-bran,1.0
all-bran cereal,1.0
all-purpose,1.0
all-purpose biscuit mix,1.0
all-purpose flour,0.2
allspice,1.0
almond,4.0
almond bark,4.0
almond extract,4.0
almond flavoring,4.0
almond slices,4.0
almond slivers,4.0
almond-honey,4.0
almonds,4.0
almost,1.0
alum,1.0
aluminum foil,1.0
american cheese,1.2
american cheese slices,1.2
ammonia,1.0
anchovies,1.0
anchovy,1.0
anchovy paste,1.0
angel,1.0
angel food cake,1.0
angel food cake cubes,1.0
angel food cake mix,1.0
angel hair pasta,1.0
anise,1.0
anise flavor,1.0
anise flavoring,1.0
anise oil,1.0
anise seed,1.0
anisette,1.0
apple,0.8
apple butter,0.8
apple cider,0.8
apple cider vinegar,0.8
apple jelly,0.8
apple juice,0.8
apple juice concentrate,0.8
apple pie filling,0.8
apple pie spice,0.8
apple pie spices,0.8
apple pulp,0.8
apple rings,0.8
apple slices,0.8
apple vinegar,0.8
apple wedges,0.8
apples,0.8
applesauce,0.8
apricot,1.0
apricot brandy,1.0
apricot fruit spread,1.0
apricot gelatin,1.0
apricot halves,1.0
apricot jello,1.0
apricot jelly,1.0
apricot nectar,1.0
apricot preserves,1.0
apricots,1.0
arborio,1.0
arborio rice,0.2
armadillo,1.0
armour,1.0
armour dried beef,2.5
aromatic bitters,1.0
arrowhead mills stone ground,1.0
arrowroot powder,1.0
artichokes,1.0
artificial sweetener,1.0
arugula,1.0
asparagus,1.0
au jus,1.0
average,1.0
avocado,1.0
avocado pear,1.0
avocados,1.0
avzicodo,1.0
awake frozen orange juice,0.8
baby carrots,0.4
baby food,1.0
baby food carrots,0.4
baby food peaches,1.0
baby fruit,1.0
baby green limas,1.0
baby lima beans,1.0
baby limas,1.0
baby pearl onions,0.2
baby pearl tapioca,1.0
baby shrimp,2.5
baby strained carrots,0.4
bac*os,1.0
bacalao,1.0
backfin crabmeat,1.0
bacon,1.0
bacon bits,1.0
bacon bits/bacon,1.0
bacon cheese,1.2
bacon drippings,1.0
bacon fat,1.0
bacon grease,1.0
bacon strips,1.0
bagels,1.0
bags,1.0
baguette,1.0
bake brownies,1.0
bake cheese,1.2
baking apples,0.8
baking biscuit mix,1.0
baking chips,1.0
baking chocolate,1.0
baking cocoa,1.0
baking cups,1.0
baking flour,0.2
baking mix,1.0
baking potatoes,0.2
baking powder,1.0
baking pwd,1.0
baking soda,1.0
baking spray,1.0
bakon slices,1.0
balsamic,1.0
balsamic vinegar,1.0
bamboo shoots,1.0
banana,0.8
banana cake mix,0.8
banana cream,0.8
banana flavoring,0.8
banana instant pudding,0.8
banana pepper,0.4
banana pulp,0.8
bananas,0.8
bar,1.0
bar chips,1.0
bar cream cheese,1.2
barbecue,1.0
barbecue beans,1.0
barbecue beef,2.5
barbecue flavored seasoning,1.0
barbecue pork,2.5
barbecue sauce,1.0
barbecue spice,1.0
barley,1.0
barrel cheese,1.2
bars,1.0
bartlett,1.0
basil,3.0
basil flakes,3.0
basil leaf,3.0
basket,1.0
basmati rice,0.2
batch,1.0
batch chicken,2.5
bavarian whipping cream,1.2
bay,1.0
bay leaf,1.0
bay leaves,1.0
bay seasoning,1.0
bayleaf,1.0
bbq,1.0
bbq sauce,1.0
bean,1.0
bean dip,1.0
bean soup mix,1.0
bean sprouts,1.0
bean with bacon soup,1.0
beans,1.0
beef,2.5
beef bouillon,2.5
beef bouillon broth,2.5
beef bouillon cubes,2.5
beef bouillon granules,2.5
beef bouillon soup,2.5
beef brisket,2.5
beef broth,2.5
beef broth cubes,2.5
beef chuck,2.5
beef chuck roast,2.5
beef consomm,2.5
beef consomme,2.5
beef consume,2.5
beef cubes,2.5
beef flank,2.5
beef flavor,2.5
beef for stew,2.5
beef franks,2.5
beef granules,2.5
beef gravy,2.5
beef hash,2.5
beef meat,2.5
beef ramen noodles,2.5
beef roast,2.5
beef round,2.5
beef round steak,2.5
beef round tip steaks,2.5
beef sausage,2.5
beef seasoning from ramen noodles,2.5
beef shin bone,2.5
beef shoulder roast,2.5
beef soup bone,2.5
beef steak,2.5
beef stew,2.5
beef stew meat,2.5
beef stew season mix,2.5
beef stock,2.5
beef style seasoning,2.5
beef suet,2.5
beef tamales,2.5
beef tenderloin,2.5
beef tip,2.5
beef tips,2.5
beer,1.0
beet jelly,1.0
beet juice,1.0
beets,1.0
bell pepper,0.4
bell peppers,0.4
benne,1.0
bermuda onion,0.2
bermuda onions,0.2
berries,1.0
betty crocker cake mix,1.0
bibb lettuce,0.4
bing cherries,1.0
bird,1.0
bird egg beans,1.0
birds,1.0
biscuit,1.0
biscuit baking mix,1.0
biscuit dough,1.0
biscuit mix,1.0
biscuits,1.0
bisquick,1.0
bisquick baking mix,1.0
bisquick flour,0.2
bisquick mix,1.0
bisquick original baking mix,1.0
bisquick streusel,1.0
bite,1.0
bite size cooked chicken breasts,2.5
bite size cooked chicken thigh,2.5
bite size pieces,1.0
bite size pretzel nuggets,1.0
bite size shredded rice biscuits,0.2
bite-size chicken,2.5
bite-size pieces lettuce,0.4
bite-size pretzels,1.0
bitter chocolate,1.0
bitter chocolate shavings,1.0
bitters,1.0
bittersweet chocolate,1.0
black,1.0
black beans,1.0
black cherries,1.0
black cherry,1.0
black cherry jello,1.0
black coffee,1.0
black mustard seed,1.0
black olives,1.0
black pepper,0.4
black peppercorns,0.4
black pitted olives,1.0
black raspberry gelatin,0.8
black raspberry jello,0.8
black turtle beans,1.0
black walnut flavoring,4.0
black walnuts,4.0
black-eyed peas,1.0
blackberries,1.0
blackberry,0.8
blackberry jam,0.8
blackberry juice,0.8
blanched almonds,4.0
blanched cashews,4.0
blooms,1.0
blue cheese,1.2
blueberries,1.0
blueberry pie filling,0.8
blueberry pie mix,0.8
blueberry pie topping,0.8
blueing,1.0
boiling beef,2.5
boiling chicken,2.5
boiling salted water,0.2
boiling water,1.0
boiling/roasting chicken,2.5
bok choy,1.0
bologna,1.0
bon,1.0
boned chicken,2.5
boneless beef,2.5
boneless beef chuck,2.5
boneless beef chuck roast,2.5
boneless beef cubes,2.5
boneless beef roast,2.5
boneless beef sirloin,2.5
boneless beef sirloin steak,2.5
boneless beef stew meat,2.5
boneless breast,1.0
boneless chicken,2.5
boneless chicken cutlets,2.5
boneless chuck roast,1.0
boneless roast,1.0
boneless round steak,1.0
boneless rump,1.0
boneless sirloin steak,1.0
boneless skinless chicken breast,2.5
boneless skinless chicken breast halves,2.5
boneless stew meat,1.0
boneless strips chicken,2.5
bonnet margarine,1.0
borden milk,1.2
boston butt,1.0
boston lettuce,0.4
bottle ketchup,1.0
bottle wishbone italian dressing,1.0
bottled salsa,1.0
bottles,1.0
bottles catsup,1.0
bottles chocolate topping,1.0
bottles ginger ale,3.0
bottles vinaigrette,1.0
bottles whiskey sour mix,1.0
bouillon,1.0
bouillon cube,1.0
bouillon cubes,1.0
bouquet sauce,1.0
bourbon,1.0
bowl,1.0
bowl sugar,0.2
box mueselix,1.0
boxes jello,1.0
boyardee,1.0
bran,1.0
bran cereal,1.0
bran flakes,1.0
brandy,1.0
braunschweiger,1.0
bread,1.0
bread croutons,1.0
bread crumbs,1.0
bread cubes,1.0
bread dough,1.0
bread flour,0.2
bread mix,1.0
bread rolls,1.0
bread stuffing mix,1.0
bread type,1.0
breadcrumbs,1.0
breadsticks,1.0
breasts,1.0
breyers golden vanilla ice cream,1.2
brick new,1.0
brisket,1.0
broccoli,0.4
broccoli cheese soup,0.4
broccoli cuts,0.4
broccoli florets,0.4
broccoli flowerets,0.4
broccoli heads,0.4
broccoli slaw,0.4
broccoli spears,0.4
broccoli stems,0.4
broiler-fryer,1.0
broiler-fryer chicken,2.5
broken white bread,1.0
brook,1.0
broth,1.0
broth from,1.0
broth from chicken,2.5
broth from ham,1.0
broth mix,1.0
brown,1.0
brown and serve sausage,1.0
brown beans,1.0
brown gravy,1.0
brown gravy mix,1.0
brown gravy sauce,1.0
brown mustard,1.0
brown potatoes,0.2
brown rice,0.2
brown rice flour,0.2
brown sugar,0.2
brown sugar substitute,0.2
brownie mix,1.0
browning sauce,1.0
browns,1.0
brussels,1.0
brussels sprouts,1.0
bucket water,1.0
buffalo,1.0
bugles,1.0
bulk sausage,1.0
bunches broccoli,0.4
bunches collards,1.0
bunches scallions,1.0
buns,1.0
burgundy,1.0
burrito mix,1.0
burrito shells,1.0
butter,1.2
butter - no substitute,1.2
butter beans,1.2
butter cake mix,1.2
butter chips,1.2
butter flavor,1.2
buttered bread,1.2
buttered bread crumbs,1.2
buttered cornflake crumbs,1.2
buttered cracker crumbs,1.2
buttered crumbs,1.2
buttered ritz crackers,1.2
buttered toast,1.2
butterfinger,1.2
butterfingers,1.2
buttermilk,1.2
buttermilk baking mix,1.2
buttermilk biscuit mix,1.2
buttermilk biscuits,1.2
buttermilk dressing,1.2
buttermilk salad dressing,1.2
butternut flavor,1.2
butternut flavoring,1.2
butternut squash,1.2
butternut vanilla flavoring,1.2
butterscotch,1.2
butterscotch bits,1.2
butterscotch chips,1.2
butterscotch drops,1.2
butterscotch flavored,1.2
butterscotch ice cream topping,1.2
butterscotch instant pudding,1.2
butterscotch morsels,1.2
butterscotch pudding,1.2
butterscotch pudding mix,1.2
butterscotch topping,1.2
buttery round crackers,1.2
buttery style crackers,1.2
button mushrooms,1.0
c.milk,1.2
c.oil,1.0
c.oleo,1.0
cabbage,0.4
cabbages,0.4
cajun,1.0
cajun seasoning,1.0
cake,1.0
cake cubes,1.0
cake flour,0.2
cake mix,1.0
cake paraffin,1.0
cake yeast,1.0
cakes,1.0
cakes yeast,1.0
california,1.0
california blend,1.0
california green chilies,1.0
california nectarines,1.0
california walnuts,4.0
calorie pie filling,1.0
calves liver,1.0
campanealle noodles,1.0
campbell,1.0
campbell's,1.0
campbell's alphabet,1.0
campbell's beef,2.5
campbell's beefy mushroom soup,2.5
campbell's celery soup,1.0
campbell's chicken broth,2.5
campbell's chunky,1.0
campbell's clam chowder,1.0
campbell's condensed,1.0
campbell's condensed cream,1.2
campbell's condensed cream of celery soup,1.2
campbell's condensed cream of chicken,1.2
campbell's condensed golden corn soup,1.0
campbell's cream,1.2
campbell's golden,1.0
campbell's golden mushroom soup,1.0
campbell's healthy,1.0
campbell's mushroom soup,1.0
campbell's nacho cheese soup,1.2
campbell's pork,2.5
campbell's tomato soup,1.0
candid cherries,1.0
candied cherries,1.0
candied citron,1.0
candied fruit,1.0
candied lemon peel,0.8
candied orange peel,0.8
candied peel,1.0
candied pineapple,0.8
candies,1.0
candies cherries,1.0
candy fruits,1.0
candy-coated chocolate,1.0
canisters crescent rolls,1.0
canned applesauce,0.8
cannellini beans,1.0
canning salt,0.2
canola oil,1.0
cans asparagus,1.0
cans biscuits,1.0
cans chili,1.0
cans great northern beans,1.0
cans great northern white beans,1.0
cans kraut,1.0
cantaloupe,1.0
cantaloupes,1.0
cap'n,1.0
capers,1.0
capful red,1.0
capful whiskey,1.0
cappellini,1.0
caramel,1.0
caramel candies,1.0
caramel ice cream topping,1.2
caramel icing,1.0
caramel sauce,1.0
caramel syrup,1.0
caramel topping,1.0
caramels,1.0
caraway,1.0
caraway seed,1.0
caraway seeds,1.0
cardamom,1.0
cardamon,1.0
carman seed,1.0
carnation,1.0
carnation cream,1.2
carnation milk,1.2
carob chips,1.0
carrot,0.4
carrot cake,0.4
carrot chunks,0.4
carrot curls,0.4
carrot strips,0.4
carrots,0.4
cartons,1.0
cartons creamed cottage cheese,1.2
cartons yogurt,1.2
cashew nuts,4.0
cashew pieces,4.0
cashews,4.0
castor sugar,0.2
catalina dressing,1.0
catfish fillets,2.5
catsup,1.0
cauliflower,1.0
cauliflower florets,1.0
cauliflowerets,1.0
cavatelli,1.0
cayenne,1.0
cayenne pepper,0.4
cayenne pepper sauce,0.4
cayenne peppers,0.4
cayenne red pepper,0.4
celery,1.0
celery flakes,1.0
celery powder,1.0
celery root,1.0
celery salt,0.2
celery seeds,1.0
celery soup,1.0
celery stalk,1.0
celery stalks,1.0
center,1.0
cereal,1.0
cereal nuggets,1.0
certo,1.0
chablis,1.0
chachere,1.0
chachere cajun,1.0
champagne,1.0
charcoal,1.0
cheddar,1.0
cheddar cheese,1.2
cheddar cheese soup,1.2
cheddar soup,1.0
cheerios,1.0
cheese,1.2
cheese cracker crumbs,1.2
cheese dressing,1.2
cheese mix,1.2
cheese sauce,1.2
cheese slice,1.2
cheese slices,1.2
cheese soup,1.2
cheese spread,1.2
cheese strips,1.2
cheez whiz,1.0
cherries,1.0
cherry,1.0
cherry chip cake,1.0
cherry filling,1.0
cherry flavored,1.0
cherry flavored gelatin,1.0
cherry fruit filling,1.0
cherry gelatin,1.0
cherry halves,1.0
cherry jell-o,1.0
cherry jello,1.0
cherry jello mix,1.0
cherry juice,1.0
cherry pie filling,1.0
cherry pie mix,1.0
cherry preserves,1.0
cherry tomatoes,1.0
cherrystones,1.0
chervil,1.0
chicago,1.0
chick,1.0
chick beans,1.0
chick peas,1.0
chicken,2.5
chicken base,2.5
chicken bouillon,2.5
chicken bouillon cube,2.5
chicken bouillon cubes,2.5
chicken bouillon granules,2.5
chicken bouillon powder,2.5
chicken breast,2.5
chicken breast halves,2.5
chicken breasts,2.5
chicken breasts per,2.5
chicken broth,2.5
chicken broth plus enough,2.5
chicken cutlets,2.5
chicken flavor,2.5
chicken flavor bouillon,2.5
chicken flavored,2.5
chicken flavored bouillon granules,2.5
chicken flavored ramen noodles,2.5
chicken flavored rice,0.2
chicken fryer,2.5
chicken gizzards,2.5
chicken granules,2.5
chicken gravy,2.5
chicken gumbo,2.5
chicken gumbo soup,2.5
chicken legs,2.5
chicken mushroom,2.5
chicken noodle,2.5
chicken parts,2.5
chicken pieces,2.5
chicken quarters,2.5
chicken rice,0.2
chicken rice soup,0.2
chicken roaster,2.5
chicken seasoning,2.5
chicken soup,2.5
chicken spread,2.5
chicken stock,2.5
chicken stock base,2.5
chicken strips,2.5
chicken stuffing,2.5
chicken stuffing mix,2.5
chicken tenders,2.5
chicken thighs,2.5
chicken tonight,2.5
chicken with rice soup,0.2
chicken-rice,0.2
chicken-style,2.5
chicken/mushroom soup,2.5
chickens,2.5
chickpeas,1.0
chickpeas (garbanzo beans,1.0
children,1.0
chile powder,1.0
chile sauce,1.0
chiles,1.0
chili,1.0
chili bans,1.0
chili beans,1.0
chili beef,2.5
chili beef soup,2.5
chili hot beans,1.0
chili meat,1.0
chili mix,1.0
chili pepper,0.4
chili peppers,0.4
chili powder,1.0
chili sauce,1.0
chili seasoning,1.0
chili seasoning mix,1.0
chili with beans,1.0
chili-beef soup,2.5
chilies,1.0
chilled milk,1.2
chilli powder,1.0
chinese cabbage,0.4
chinese noodles,1.0
chinese rice,0.2
chinese sesame oil,1.0
chinese vegetables,1.0
chipped beef,2.5
chips,1.0
chitterlings,1.0
chitterlings pig,1.0
chives,1.0
choco-bake,1.0
chocolate,1.0
chocolate almond bark,4.0
chocolate bar,1.0
chocolate bark,1.0
chocolate bars,1.0
chocolate bits,1.0
chocolate cake,1.0
chocolate cake batter,1.0
chocolate cake mix,1.0
chocolate candy melts,1.0
chocolate chip cookies,1.0
chocolate chip ice cream,1.2
chocolate chips,1.0
chocolate cookies,1.0
chocolate creme drops,1.0
chocolate crumb crust,1.0
chocolate curls,1.0
chocolate dates,1.0
chocolate flavor,1.0
chocolate flavored,1.0
chocolate flavored drink,1.0
chocolate frosting,1.0
chocolate fudge cake,1.0
chocolate fudge pudding,1.0
chocolate fudge topping,1.0
chocolate hershey,1.0
chocolate ice cream,1.2
chocolate ice milk,1.2
chocolate icing,1.0
chocolate instant pudding,1.0
chocolate kisses,1.0
chocolate mix,1.0
chocolate morsels,1.0
chocolate pie crust,1.0
chocolate pie filling,1.0
chocolate powder,1.0
chocolate pudding,1.0
chocolate sandwich cookies,1.0
chocolate squares,1.0
chocolate stars,1.0
chocolate sundae syrup,1.0
chocolate syrup,1.0
chocolate topping,1.0
chocolate wafer cookie crumbs,1.0
chocolate wafer crumbs,1.0
chocolate wafers,1.0
chocolate-covered round mint cookies,1.0
chocolate-flavored,1.0
chocolate-flavored syrup,1.0
choice,1.0
chop suey vegetables,1.0
chopped cheese,1.2
chopped lettuce,0.4
chopped nut meats,1.0
chopped nutmeats,1.0
chopped ripe olives,1.0
chopped spinach,0.4
chopped walnut meats,4.0
chorizo,1.0
chronicles,1.0
chuck,1.0
chuck carrots,0.4
chuck cubes,1.0
chuck roast,1.0
chuck salt,0.2
chunk breast of chicken,2.5
chunk style peanut butter,1.2
chunk white chicken,2.5
chunks,1.0
chunky applesauce,0.8
chunky fruit,1.0
chunky peanut butter,1.2
chunky salsa,1.0
chunky spaghetti sauce,1.0
chutney,1.0
cider,1.0
cider vinegar,1.0
cilantro,1.0
cinnamon,1.0
cinnamon buns,1.0
cinnamon candies,1.0
cinnamon flavor,1.0
cinnamon red,1.0
cinnamon red hots,1.0
cinnamon stick,1.0
cinnamon sticks,1.0
cinnamon sugar,0.2
cinnamon-sugar,0.2
citron,1.0
clam chowder,1.0
clam juice,1.0
clam liquor,1.0
clams,1.0
cleaned strawberries,1.0
clear beef,2.5
clear glass bowl,1.0
clear jel,1.0
clove,1.0
clove flavor,1.0
clove garlic,3.0
clove of garlic,3.0
cloves,1.0
cloves garlic,3.0
cloves spice,1.0
club soda,1.0
clump,1.0
coal,1.0
coarse black pepper,0.4
coarse cornmeal,1.0
coarse cracker crumbs,1.0
coarse grain,1.0
coarse grind black pepper,0.4
coarse ground black pepper,0.4
coarse ground mustard,1.0
coarse pepper,0.4
coarse salt,0.2
coarse-grain,1.0
coating,1.0
coating chocolate,1.0
coca-cola,1.0
coca-cola classic,1.0
cocktail franks,1.0
cocktail juice,1.0
cocktail onions,0.2
cocktail peanuts,1.0
cocktail rye bread,1.0
cocktail sauce,1.0
cocktail size rye bread,1.0
cocoa,1.0
cocoa powder,1.0
coconut,1.0
coconut cream,1.2
coconut cream filling,1.2
coconut extract,1.0
coconut flakes,1.0
coconut flavoring,1.0
coconut icing,1.0
coconut milk,1.2
coconut topping,1.0
coconut-pecan,1.0
coconuts,1.0
cod fillet,1.0
cod fillets,1.0
codfish,2.5
coffee,1.0
coffee cream,1.2
coffee creamer,1.2
coffee granuales,1.0
coffee granules,1.0
coffee powder,1.0
cognac,1.0
coke,1.0
cola,1.0
colada mix,1.0
colby cheese,1.2
colby monterey jack cheese,1.2
cold baked potatoes,0.2
cold butter,1.2
cold coffee,1.0
cold cola,1.0
cold eggnog,1.0
cold ginger ale,3.0
cold half and half,1.0
cold margarine,1.0
cold mashed potatoes,0.2
cold milk,1.2
cold shortening,1.0
cold tap water,1.0
cold turkey,2.5
cold water,1.0
cole slaw,1.0
cole slaw blend,1.0
coleslaw mix,1.0
collard greens,1.0
colored fountain,1.0
colored marshmallows,1.0
colored miniature,1.0
colored sugar,0.2
colorful gumdrops,1.0
coloring,1.0
column,1.0
comino,1.0
comino seed,1.0
commerical sour cream,1.2
comstock pie filling,1.0
concentrate,1.0
condensed beef,2.5
condensed beef broth,2.5
condensed black bean soup,1.0
condensed broccoli soup,0.4
condensed chicken,2.5
condensed chicken broth,2.5
condensed cream,1.2
condensed evaporated milk,1.2
condensed italian tomato soup,1.0
condensed milk,1.2
condensed nacho cheese soup,1.2
condensed sweetened milk,1.2
confectionary sugar,0.2
confectioner sugar,0.2
confectioners sugar,0.2
consideration,1.0
consomme,1.0
consomme soup,1.0
container whipped topping,1.0
container yogurt,1.2
containers,1.0
containers mushrooms,1.0
containers ricotta cheese,1.2
containers yogurt,1.2
containing,1.0
cook chicken,2.5
cook grits,1.0
cooked apples,0.8
cooked broccoli,0.4
cooked grits,1.0
cooked navy beans,1.0
cooked sweet potatoes,0.2
cookie crumbs,1.0
cookie crust,1.0
cookie dough,1.0
cookies,1.0
cooking apples,0.8
cooking muscatel dry wine,1.0
cooking oats,1.0
cooking oil,1.0
cooking rice,0.2
cooking sherry,1.0
cooking sherry wine,1.0
cooking spray,1.0
cooking water,1.0
cooking wine,1.0
cool whip,1.0
cool whip for topping,1.0
cooled,1.0
cooled raisin water,1.0
coriander,1.0
coriander seed,1.0
corkscrew macaroni,1.0
corn,1.0
corn bread,1.0
corn bread crumbs,1.0
corn bread stuffing,1.0
corn chips,1.0
corn flake crumbs,1.0
corn flakes,1.0
corn flour,0.2
corn husks,1.0
corn kernels,1.0
corn meal,1.0
corn mix,1.0
corn muffin,1.0
corn oil,1.0
corn oil margarine,1.0
corn starch,1.0
corn stuffing mix,1.0
corn syrup,1.0
corn tortilla,1.0
corn tortilla chips,1.0
corn tortillas,1.0
cornbread,1.0
cornbread crumbs,1.0
cornbread mix,1.0
cornbread stuffing,1.0
cornbread stuffing mix,1.0
corned beef,2.5
corned beef hash,2.5
cornflake crumbs,1.0
cornflakes,1.0
cornflakes cereal,1.0
cornish hens,1.0
cornmeal,1.0
cornmeal mix,1.0
cornmeal mush,1.0
cornstarch,1.0
cottage cheese,1.2
country,1.0
country bread,1.0
country butter,1.2
country mustard sauce,1.0
country ribs,1.0
country sausage,1.0
country-style,1.0
couple,1.0
couple of oranges,0.8
couscous,1.0
crab,1.0
crab boil,1.0
crab delights,1.0
crab flavored kamaboko,1.0
crab meat,1.0
crab sticks,1.0
crabmeat,1.0
crabmeat with juice,1.0
cracked black pepper,0.4
cracked ice,1.0
cracked pepper,0.4
cracker crumbs,1.0
cracker crumbs for topping,1.0
cracker roll,1.0
crackers,1.0
crackling,1.0
cracklings,1.0
cracklins,1.0
craisins,1.0
cranberries,1.0
cranberry,0.8
cranberry juice,0.8
cranberry juice cocktail,0.8
cranberry salad,0.8
cranberry sauce,0.8
cranberry-orange relish,0.8
crawfish,2.5
crawfish tails,2.5
cream,1.2
cream cheese,1.2
cream cheese frosting,1.2
cream chicken soup,1.2
cream horseradish,1.2
cream mushroom soup,1.2
cream of asparagus soup,1.2
cream of broccoli,0.4
cream of broccoli soup,0.4
cream of celery,1.2
cream of celery soup,1.2
cream of chicken,1.2
cream of chicken soup,1.2
cream of chicken soup mix,1.2
cream of coconut,1.2
cream of mushroom,1.2
cream of mushroom soup,1.2
cream of mushroom soup or celery soup,1.2
cream of mushroom soup or cream of chicken soup,1.2
cream of mushroom soup undiluted,1.2
cream of onion soup,0.2
cream of potato soup,0.2
cream of shrimp soup,1.2
cream of tartar,1.2
cream of tomato soup,1.2
cream of wheat,1.2
cream sherry,1.2
cream soup,1.2
cream spinach,0.4
cream style corn,1.2
cream syrup,1.2
cream-style,1.2
cream-style corn,1.2
cream-style cottage cheese,1.2
cream-style horseradish,1.2
cream-style yellow corn,1.2
creamed soup,1.2
creamed spinach,0.4
creamer,1.2
creamette shells,1.2
creamettes,1.2
creamy soup,1.2
creme,1.0
creme de banana,0.8
creme de cacao,1.0
cremora,1.0
creole seasoning,1.0
crepes,1.0
crescent dinner,1.0
crescent dinner rolls,1.0
crescent roll,1.0
crescent rolls,1.0
crisco,1.0
crisco oil,1.0
crisp bacon,1.0
crisp cornflakes,1.0
crisp fried bacon,1.0
crisp lettuce,0.4
crisp rice cereal,0.2
crisply cooked bacon,1.0
crisply fried bacon,1.0
crispy rice cereal,0.2
croquette sauce,1.0
crouton stuffing mix,1.0
croutons,1.0
croutons/bread,1.0
crsico,1.0
crumbled basil,3.0
crunchy,1.0
crunchy nugget cereal,1.0
crunchy peanut butter,1.2
crushed cheese,1.2
crushed cracker crumbs,1.0
crushed ice,1.0
crushed juice pack pineapple,0.8
crushed soda crackers,1.0
crushed special k,1.0
crushed strawberries,1.0
crust,1.0
crust pie,1.0
crust pie dough,1.0
crusts,1.0
crusty,1.0
crusty italian bread,1.0
crystal,1.0
crystal white syrup,1.0
crystallized cherries,1.0
crystallized ginger,3.0
crystals,1.0
cubed apples,0.8
cubed beef stew meat,2.5
cubed cheese,1.2
cubed rhubarb,1.0
cubes,1.0
cucumber,1.0
cucumber slices,1.0
cucumbers,1.0
cukes,1.0
cumin,3.0
cumin powder,3.0
cumin seed,3.0
cupcakes,1.0
cured ham,1.0
curly endive,1.0
curly noodles,1.0
curly shaped pasta,1.0
currant jelly,1.0
currants,1.0
curry,1.0
curry powder,1.0
curry rice,0.2
cut asparagus,1.0
cut rhubarb,1.0
cuts,1.0
dairy sour cream,1.2
dark brown sugar,0.2
dark chocolate,1.0
dark karo,1.0
dark molasses,1.0
dark raisins,1.0
dark red kidney beans,1.0
dark rye bread,1.0
dark sweet pitted cherries,1.0
dark vinegar,1.0
dashes pepper,0.4
dates,1.0
dead possum,1.0
decorations,1.0
deer,1.0
deer loin,1.0
deer meat,1.0
del monte,1.0
deli,1.0
deli beef,2.5
deli ham,1.0
deli-style,1.0
delicious apples,0.8
deluxe white cake mix,1.0
devils food cake mix,1.0
dew,1.0
different vegetable dyes,1.0
dijon mustard,1.0
dijon style mustard,1.0
dill,1.0
dill pickle,1.0
dill pickles,1.0
dill relish,1.0
dill sauce,1.0
dill sprigs,1.0
dill weed,1.0
dinner rolls,1.0
dipping chocolate,1.0
dish crust,1.0
dish pie crust,1.0
dish pie shell,1.0
doritos,1.0
doritos chips,1.0
double acting baking powder,1.0
double-acting baking powder,1.0
dough,1.0
dove breasts,1.0
doves,1.0
drained kraut,1.0
dream whip,1.0
dream whip topping mix,1.0
dream whip*,1.0
dressing,1.0
dressing mix,1.0
dried apricots,1.0
dried basil,3.0
dried beef,2.5
dried mustard,1.0
drops almond,4.0
drops of pepper sauce,0.4
drops orange,0.8
drops red food color,1.0
drops red food coloring,1.0
drops red pepper sauce,0.4
drumsticks,1.0
dry cheese mix,1.2
dry hidden valley,1.0
dry hidden valley ranch dressing,1.0
dry knorr vegetable soup mix,1.0
dry lentils,1.0
dry mustard,1.0
dry red kidney beans,1.0
dry white,1.0
dry wine,1.0
duck,1.0
duckling,1.0
duncan,1.0
duncan hines lemon cake mix,0.8
dusting,1.0
each cider vinegar,1.0
each jello,1.0
each soda,1.0
eastern spice,1.0
egg,1.0
egg beaters,1.0
egg color,1.0
egg dumpling noodles,1.0
egg nog,1.0
egg noodles,1.0
egg plant,1.0
egg roll,1.0
egg roll skins,1.0
egg scramblers,1.0
egg substitute,1.0
egg white,1.0
egg whites,1.0
egg yolk,1.0
egg yolks,1.0
egg(s,1.0
eggnog,1.0
eggplant,1.0
eggplants,1.0
eggs,1.0
eggshell,1.0
elbow macaroni,1.0
elephant,1.0
enchilada sauce,1.0
endive,1.0
english cheese,1.2
english cheese spread,1.2
english muffins,1.0
english peas,1.0
enough monterey,1.0
equal,1.0
espresso,1.0
espresso coffee,1.0
estates riverstone,1.0
estates seven oaks cabernet,1.0
exchanges fruit,1.0
extra crunchy peanut butter,1.2
extra lean ground beef,2.5
extra oil,1.0
extra rich milk,1.2
extra sharp cheese,1.2
extra sugar,0.2
extra virgin olive oil,4.0
extra-lean ground beef,2.5
extra-virgin olive oil,4.0
eye roast,1.0
famous sauce,1.0
farfel,1.0
fashion cheese,1.2
fat,1.0
faux crabmeat,1.0
feet,1.0
fennel,1.0
feta cheese,1.2
fettuccine,1.0
fettuccini noodles,1.0
fettucine,1.0
fettucini,1.0
fiber,1.0
fiesta,1.0
fifth,1.0
fifth rum,1.0
figard liquid smoke,1.0
figs,1.0
filet,1.0
fillet of flounder per person,1.0
filling,1.0
filo dough,1.0
fine cracker crumbs,1.0
fine spaghetti,1.0
firewood,1.0
firm,1.0
firm ripe tomatoes,1.0
firm tofu,1.0
firm white fish,2.5
fish,2.5
fish fillet,2.5
fish fillets,2.5
fish heads,2.5
fish stock,2.5
fisher's black walnuts,2.5
fisher's cashews,2.5
fisher's pecans,2.5
fixins,1.0
flake coconut,1.0
flaked coconut,1.0
flaked crabmeat,1.0
flako pie crust,1.0
flaky biscuits,1.0
flan,1.0
flank steak,1.0
flat leaf parsley,3.0
flats,1.0
flavor,1.0
flavor gelatin,1.0
flavored gelatin,1.0
flavored jello,1.0
flavoring of choice,1.0
flax seed,1.0
florida grapefruit,1.0
florida oranges,0.8
flounder,1.0
flour,0.2
flour tortilla,0.2
flour tortillas,0.2
flour/water,0.2
floured blueberries,0.2
flowers,1.0
fluffy cooked rice,0.2
fluid,1.0
fluid milk,1.2
fontina cheese,1.2
food,1.0
food color,1.0
food coloring,1.0
foods,1.0
four,1.0
fra,1.0
frango,1.0
frankfurters,1.0
franks,1.0
freeze dried chives,1.0
french dressing,1.0
french fried onions,0.2
french mustard,1.0
french style green beans,1.0
french vanilla pudding,1.0
fresh apples,0.8
fresh asparagus,1.0
fresh asparagus spears,1.0
fresh bacon,1.0
fresh bananas,0.8
fresh basil,3.0
fresh bean sprouts,1.0
fresh berries,1.0
fresh black pepper,0.4
fresh blackberries,1.0
fresh blueberries,1.0
fresh boneless,1.0
fresh brisket,1.0
fresh broccoli,0.4
fresh broccoli flowerets,0.4
fresh california bartlett,1.0
fresh carrots,0.4
fresh cherry tomatoes,1.0
fresh chervil,1.0
fresh chives,1.0
fresh cilantro,1.0
fresh coconut,1.0
fresh corn,1.0
fresh crabmeat,1.0
fresh cranberries,1.0
fresh cucumbers,1.0
fresh dill,1.0
fresh fettucine,1.0
fresh fruit,1.0
fresh fruits,1.0
fresh garlic,3.0
fresh ginger,3.0
fresh ginger root,3.0
fresh goat milk,1.2
fresh grated orange peel,0.8
fresh green beans,1.0
fresh green onions,0.2
fresh greens,1.0
fresh ground black pepper,0.4
fresh ground pepper,0.4
fresh ground pork,2.5
fresh ground turkey,2.5
fresh haddock,1.0
fresh halved mushrooms,1.0
fresh herb parsley,3.0
fresh herbs,1.0
fresh hot pepper,0.4
fresh lemons,0.8
fresh lump crabmeat,1.0
fresh milk,1.2
fresh mint,1.0
fresh mushroom,1.0
fresh mushrooms,1.0
fresh nonfat milk,1.2
fresh okra,1.0
fresh onion,0.2
fresh oregano,3.0
fresh oysters,1.0
fresh parsley,3.0
fresh peaches,1.0
fresh pepper,0.4
fresh pineapple,0.8
fresh pork,2.5
fresh pork sausage,2.5
fresh raspberries,1.0
fresh red chili,1.0
fresh sage,1.0
fresh scallops,1.0
fresh shrimp,2.5
fresh slices ginger,3.0
fresh snipped tarragon,1.0
fresh snow peas,1.0
fresh spinach,0.4
fresh squash,1.0
fresh squeezed lemon juice,0.8
fresh strawberries,1.0
fresh tarragon,1.0
fresh thyme,1.0
fresh tomato,1.0
fresh tomatoes,1.0
fresh vegetables,1.0
fresh white bread crumbs,1.0
fresh white fish,2.5
fresh-grated lemon peel,0.8
freshly cooked rice,0.2
freshly cracked pepper,0.4
freshly grated ginger,3.0
freshly grated nutmeg,1.0
freshly grated parmesan,1.0
freshly grated parmesan cheese,1.2
freshly grated romano cheese,1.2
freshly ground black pepper,0.4
freshly ground nutmeg,1.0
freshly ground pepper,0.4
freshly popped popcorn,1.0
freshly squeezed lemon juice,0.8
freshly-popped,1.0
friendly words,1.0
friends,1.0
friendship,1.0
fritos,1.0
frosting,1.0
frosting of your choice,1.0
frozen artichoke,1.0
frozen artichoke hearts,1.0
frozen asparagus,1.0
frozen blueberries,1.0
frozen bread,1.0
frozen broccoli,0.4
frozen broccoli cuts,0.4
frozen broccoli florets,0.4
frozen broccoli flowers,0.4
frozen broccoli spears,0.4
frozen carrots,0.4
frozen cauliflower,1.0
frozen cheese blintzes,1.2
frozen cherries,1.0
frozen chinese veggies,1.0
frozen coconut,1.0
frozen collard greens,1.0
frozen corn,1.0
frozen crab meat,1.0
frozen crabmeat,1.0
frozen cranberries,1.0
frozen dessert topping,1.0
frozen dry-packed blueberries,1.0
frozen ears corn,1.0
frozen fish,2.5
frozen green beans,1.0
frozen green lima beans,1.0
frozen green peas,1.0
frozen hash brown potatoes,0.2
frozen hash browns,1.0
frozen hashbrowns,1.0
frozen hawaiian,1.0
frozen italian green beans,1.0
frozen italian style vegetables,1.0
frozen leaf spinach,0.4
frozen lemonade,0.8
frozen lemonade concentrate,0.8
frozen lima beans,1.0
frozen limas,1.0
frozen limeade,0.8
frozen mixed vegetables,1.0
frozen mustard greens,1.0
frozen nondairy whipped topping,1.0
frozen okra,1.0
frozen onions,0.2
frozen pea pods,1.0
frozen peas,1.0
frozen pie crust,1.0
frozen pie crusts,1.0
frozen pie pastry,1.0
frozen pie shell,1.0
frozen pie shells,1.0
frozen potatoes,0.2
frozen pound cake,1.0
frozen raspberries,1.0
frozen raspberry,0.8
frozen red raspberries,1.0
frozen rhodes dinner rolls,1.0
frozen rhubarb,1.0
frozen rolls,1.0
frozen seasoning blend,1.0
frozen shoe peg corn,1.0
frozen shrimp,2.5
frozen snow,1.0
frozen soup vegetables,1.0
frozen spinach,0.4
frozen spinach souffle,0.4
frozen stew vegetables,1.0
frozen strawberries,1.0
frozen tater,1.0
frozen valley combination vegetables,1.0
frozen vegetables,1.0
frozen veggies,1.0
frozen whipped topping,1.0
frozen white bread,1.0
frozen white corn,1.0
fruit,1.0
fruit cocktail,1.0
fruit jam,1.0
fruit juice,1.0
fruit juice from fruits,1.0
fruit mix,1.0
fruit mixture,1.0
fruit of your choice,1.0
fruit pie filling,1.0
fruit preserves,1.0
fruit topping,1.0
fruit yogurt,1.2
fry bread,1.0
fryer,1.0
fryers,1.0
fudge sauce,1.0
full garbanzos,1.0
full size zucchini,1.0
fully cooked canadian bacon,1.0
fully cooked ham,1.0
funnel,1.0
galliano,1.0
galliano liqueur,1.0
gallon milk,1.2
game hens,1.0
garbanza mashed,1.0
garbanzo beans,1.0
garbanzo water,1.0
garbanzos,1.0
garden peas,1.0
garlic,3.0
garlic cheese,1.2
garlic cheese roll,1.2
garlic dressing,3.0
garlic powder,3.0
garlic salt,0.2
garlics,3.0
gelatin,1.0
gelatine,1.0
generous,1.0
generous dashes,1.0
germ,1.0
giardiniera,1.0
gin,1.0
ginger,3.0
ginger ale,3.0
ginger paste,3.0
ginger powder,3.0
ginger root,3.0
glass,1.0
glass grape juice,1.0
glass jars,1.0
glass pimento,1.0
glutamate,1.0
glycerin,1.0
glycerine,1.0
gold medal flour,0.2
golden brown sugar,0.2
golden cake mix,1.0
golden crushed corn,1.0
golden delicious apples,0.8
golden grahams,1.0
golden grahams cereal,1.0
golden mushroom soup,1.0
golden raisins,1.0
good beef,2.5
gorgonzola cheese,1.2
gouda cheese,1.2
gourmet parmesan,1.0
graham cracker,1.0
graham cracker crumb crust,1.0
graham cracker crumb crust pastry shell,1.0
graham cracker crumbs,1.0
graham cracker crust,1.0
graham cracker crust pie shell,1.0
graham cracker crusts,1.0
graham cracker pie crust,1.0
graham cracker pie crusts,1.0
graham cracker pie shell,1.0
graham cracker pie shells,1.0
graham cracker ready,1.0
graham cracker shell,1.0
graham cracker shells,1.0
graham crackers,1.0
graham wafer crumbs,1.0
grand marnier,1.0
granny apples,0.8
granola cereal,1.0
granulated beef bouillon,2.5
granulated nutrasweet,1.0
granulated sugar,0.2
grape jello,1.0
grape jelly,1.0
grape juice,1.0
grape leaves,1.0
grape-nuts,1.0
grapefruit juice,1.0
grapes,1.0
grassy field,1.0
grated apples,0.8
grated carrot,0.4
grated cheese,1.2
grated coconut,1.0
grated ginger,3.0
grated ham,1.0
grated monterey,1.0
grated monterey cheese,1.2
grated mozzarella,1.0
grated new,1.0
grated provolone,1.0
grated reduced fat,1.0
grated rind,1.0
grated sharp,1.0
grated sweet potatoes,0.2
grater,1.0
grease,1.0
great northern beans,1.0
green,1.0
green apple,0.8
green apples,0.8
green baby,1.0
green baby lima beans,1.0
green beans,1.0
green bell pepper,0.4
green bell peppers,0.4
green cabbage,0.4
green cherries,1.0
green chile enchilada sauce,1.0
green chile salsa,1.0
green chiles,1.0
green chili,1.0
green chili peppers,0.4
green chili salsa,1.0
green chili salsa sauce,1.0
green chilies,1.0
green chilis,1.0
green chillies,1.0
green food,1.0
green food color,1.0
green food coloring,1.0
green grapes,1.0
green lima beans,1.0
green limas,1.0
green maraschino cherries,1.0
green olives,1.0
green onion,0.2
green onions,0.2
green parsley,3.0
green peas,1.0
green pepper,0.4
green peppers,0.4
green pineapple,0.8
green salsa,1.0
green seedless grapes,1.0
green sherbet,1.0
green split peas,1.0
green string beans,1.0
green sweet pepper,0.4
green sweet peppers,0.4
green tomatoes,1.0
greens,1.0
grenadine,1.0
grenadine syrup,1.0
griffin,1.0
griffin's honey,1.0
griffin's vanilla,1.0
grilled chicken,2.5
grits,1.0
ground,1.0
ground allspice,1.0
ground almonds,4.0
ground apples,0.8
ground beef,2.5
ground beef patties,2.5
ground beef patty,2.5
ground beef seasoning,2.5
ground bell pepper,0.4
ground black pepper,0.4
ground black walnuts,4.0
ground bread crumbs,1.0
ground cardamom,1.0
ground carrots,0.4
ground cayenne red pepper,0.4
ground chuck,1.0
ground chuck beef,2.5
ground cinnamon,1.0
ground clove,1.0
ground cloves,1.0
ground coffee,1.0
ground cooked ham,1.0
ground coriander,1.0
ground cornmeal,1.0
ground cranberries,1.0
ground cumin,3.0
ground deer,1.0
ground ginger,3.0
ground green tomatoes,1.0
ground ham,1.0
ground hot peppers,0.4
ground hotdogs,1.0
ground italian sausage,1.0
ground lamb,2.5
ground lean beef,2.5
ground lean pork,2.5
ground meat,1.0
ground mustard,1.0
ground nutmeg,1.0
ground nuts,1.0
ground onion,0.2
ground onions,0.2
ground oregano,3.0
ground pecans,1.0
ground pepper,0.4
ground pork,2.5
ground pork sausage,2.5
ground raisins,1.0
ground raw cranberries,1.0
ground raw turkey,2.5
ground red,1.0
ground red cayenne,1.0
ground red pepper,0.4
ground rosemary,1.0
ground round,1.0
ground round steak,1.0
ground sage,1.0
ground seafood seasoning,1.0
ground sesame seed,1.0
ground sirloin,1.0
ground smoked ham,1.0
ground steak,1.0
ground suet,1.0
ground thyme,1.0
ground turkey,2.5
ground turmeric,3.0
ground up deer meat,1.0
ground vanilla wafers,1.0
ground venison,1.0
ground walnuts,4.0
ground white pepper,0.4
ground zucchini,1.0
gruyere cheese,1.2
guacamole,1.0
guacamole dip,1.0
guacamole mix,1.0
guacamole salad,1.0
gumbo file,1.0
gumdrops,1.0
gummy worms,1.0
haddock,1.0
haddock fillet,1.0
haddock fillets,1.0
hair spaghetti,1.0
halibut,1.0
halved red grapes,1.0
halved strawberries,1.0
halves,1.0
ham,1.0
ham bone,1.0
ham bouillon,1.0
ham broth,1.0
ham chunks,1.0
ham hock,1.0
ham hocks,1.0
ham loaf mix,1.0
ham pieces,1.0
ham slices,1.0
ham strips,1.0
hamburg,1.0
hamburger,1.0
hamburger buns,1.0
hamburger meat,1.0
hamburger rolls,1.0
handful,1.0
handful of pecans,1.0
handful pickling,1.0
handle,1.0
hard cheese,1.2
hard rolls,1.0
hard salami,1.0
hard-boiled eggs,1.0
hash brown potatoes,0.2
hash brown southern style potatoes,0.2
hash browns,1.0
havarti cheese,1.2
hawaiian fruit,1.0
hawaiian punch,1.0
hawaiian salt,0.2
hazelnut,1.0
hazelnuts,1.0
head,1.0
head broccoli,0.4
head cabbage,0.4
head cauliflower,1.0
head chinese cabbage,0.4
head iceberg lettuce,0.4
head lettuce,0.4
head red cabbage,0.4
head romaine,1.0
heads lettuce,0.4
healthy choice tomato soup,1.0
heart healthy cream of chicken soup,1.2
hearts,1.0
hearts romaine,1.0
hearty wide egg noodles,1.0
heated cream,1.2
heath bits,1.0
heavy cream,1.2
heavy plastic spoons,1.0
heavy sweet cream,1.2
heavy whipping cream,1.2
hen,1.0
herb croutons,1.0
herb dressing,1.0
herb seasoned croutons,1.0
herb seasoned mix,1.0
herb seasoned stuffing,1.0
herb seasoned stuffing mix,1.0
herb stuffing,1.0
herb stuffing mix,1.0
herb-red wine vinegar,1.0
herbes,1.0
herbs,1.0
hi,1.0
hi-c,1.0
hickory nuts,1.0
hickory smoked salt,0.2
hillshire beef sausage,2.5
hollandaise sauce,1.0
home canned tomatoes,1.0
homemade noodles,1.0
homemade peanut butter,1.2
hominy,1.0
hominy beans,1.0
honey,1.0
honey dressing,1.0
honey puffed cereal,1.0
honeydew,1.0
hormel bacon bits,1.0
hormel chili,1.0
hormel chili without beans,1.0
hormel real bacon bits,1.0
horse,1.0
horseradish,1.0
horseradish sauce,1.0
hot bacon,1.0
hot bulk sausage,1.0
hot chili beans,1.0
hot chili pepper,0.4
hot chili salsa,1.0
hot coffee,1.0
hot cooked rice,0.2
hot cream,1.2
hot dog buns,1.0
hot dog sauce,1.0
hot dogs,1.0
hot fat,1.0
hot green pepper,0.4
hot italian sausage,1.0
hot mashed potatoes,0.2
hot milk,1.2
hot mustard,1.0
hot oil,1.0
hot pepper,0.4
hot pepper cheese,0.4
hot pepper sauce,0.4
hot peppers,0.4
hot pete,1.0
hot picante sauce,1.0
hot rice,0.2
hot sauce,1.0
hot sausage,1.0
hot shortening,1.0
hot tabasco,1.0
hot water,1.0
hulled strawberries,1.0
ida o'brien potatoes,0.2
ida potatoes,0.2
imitation,1.0
imitation crab,1.0
imitation crabmeat,1.0
imitation maple,1.0
imitation rum,1.0
instant beef bouillon,2.5
instant beef bouillon cubes,2.5
instant beef bouillon granules,2.5
instant bouillon,1.0
instant butterscotch pudding mix,1.2
instant chicken,2.5
instant chocolate,1.0
instant chocolate pudding,1.0
instant chocolate pudding mix,1.0
instant cocoa,1.0
instant coconut pie filling,1.0
instant coconut pudding,1.0
instant coffee,1.0
instant coffee crystals,1.0
instant dry milk,1.2
instant espresso coffee,1.0
instant gravy mix,1.0
instant lemon pudding,0.8
instant lemon pudding mix,0.8
instant lemonade,0.8
instant pistachio pudding,4.0
instant pistachio pudding mix,4.0
instant powdered milk,1.2
instant pudding,1.0
instant rice,0.2
instant tea,1.0
instant vanilla flavor pudding,1.0
instant vanilla pudding,1.0
instant vanilla pudding mix,1.0
instant vanilla/chocolate pudding,1.0
iodized salt,0.2
irish,1.0
irish potatoes,0.2
italian,1.0
italian bread,1.0
italian bread crumbs,1.0
italian breadcrumbs,1.0
italian cheese,1.2
italian cooking sauce,1.0
italian dressing,1.0
italian dressing mix,1.0
italian flavored stewed,1.0
italian green beans,1.0
italian ham,1.0
italian herb seasoning,1.0
italian lo-cal dressing,1.0
italian mix,1.0
italian mushroom rice,0.2
italian olive oil,4.0
italian salad dressing,1.0
italian salad dressing mix,1.0
italian sauce,1.0
italian sausage,1.0
italian seasoned bread crumbs,1.0
italian seasoned breadcrumbs,1.0
italian seasoned tomatoes,1.0
italian seasoning,1.0
italian seasoning mix,1.0
italian seasoning or garlic salt,0.2
italian spaghetti sauce mix,1.0
italian stewed tomatoes,1.0
italian style,1.0
italian style bread crumbs,1.0
italian style dressing,1.0
italian style seasoned bread crumbs,1.0
italian style tomatoes,1.0
italian sweet sausages,1.0
italian tomatoes,1.0
italian zucchini,1.0
italian-seasoned bread crumbs,1.0
italian-seasoned breadcrumbs,1.0
italian-style tomatoes,1.0
jack cheese,1.2
jalapeno,1.0
jalapeno black-eyed,1.0
jalapeno chilies,1.0
jalapeno pepper,0.4
jalapeno peppers,0.4
jalapeno salsa,1.0
jalapeno slices,1.0
jalapenos,1.0
japanese bean paste,1.0
jars junior baby food,1.0
jell-o,1.0
jell-o instant vanilla pudding,1.0
jello,1.0
jelly,1.0
jeremiah,1.0
jerk spice,1.0
jicama,1.0
jigger,1.0
joe,1.0
joes,1.0
joes mix,1.0
joes sauce,1.0
juice,1.0
julienne pimentos,1.0
jumbo lump backfin crab,1.0
jumbo shells,1.0
junior jars apricot,1.0
junior jars baby carrots,0.4
just,1.0
kahlua,1.0
kaiser rolls,1.0
kale,0.4
karo syrup,1.0
kellogg,1.0
kellogg's croutons,1.0
kennel corn,1.0
kernel corn,1.0
kernel sunflower seeds,1.0
ketchup,1.0
kidney,1.0
kidney beans,1.0
kidney red beans,1.0
kielbasa,1.0
kind,1.0
kind deeds,1.0
king crab,1.0
king syrup,1.0
kisses,1.0
kitchen,1.0
kiwi,1.0
kiwis,1.0
knorr soup mix,1.0
knorr swiss vegetable soup,1.0
kolbassi,1.0
kosher coarse salt,0.2
kosher dill pickles,1.0
kosher salt,0.2
kraft lite,1.0
kraft raspberry preserves,0.8
krispies,1.0
ladyfingers,1.0
lamb,2.5
lamb breast,2.5
lamb chops,2.5
lamb shoulder,2.5
langostinos,1.0
lard,1.0
large shells,1.0
large tortillas,1.0
lasagna,1.0
lasagna noodles,1.0
lasagna wide noodles,1.0
lasagne noodles,1.0
laurel leaf,1.0
lavender,1.0
layer,1.0
layer biscuits,1.0
layer yellow cake mix,1.0
leaf basil,3.0
leaf lettuce,0.4
leaf marjoram,1.0
leaf oregano,3.0
leaf rosemary,1.0
lean bacon,1.0
lean beef,2.5
lean beef round,2.5
lean beef stew meat,2.5
lean chili ground beef,2.5
lean chuck,1.0
lean fish,2.5
lean ground beef,2.5
lean ground chuck,1.0
lean ground meat,1.0
lean ground pork,2.5
lean ground raw turkey,2.5
lean hamburg,1.0
lean hamburger,1.0
lean pork,2.5
lean pork chops,2.5
lean salt,0.2
lean stew,1.0
lean stew beef,2.5
lean stew meat,1.0
lean tender beef,2.5
leaves lettuce,0.4
leeks,1.0
leftover ham,1.0
leftover meat,1.0
leftover turkey,2.5
lemon,0.8
lemon and vanilla,0.8
lemon cake,0.8
lemon cake mix,0.8
lemon chips,0.8
lemon concentrate,0.8
lemon extract,0.8
lemon flavor,0.8
lemon flavored cake mix,0.8
lemon flavored gelatin,0.8
lemon flavored ice tea,0.8
lemon flavored instant tea,0.8
lemon flavoring,0.8
lemon gelatin,0.8
lemon instant pudding,0.8
lemon instant pudding mix,0.8
lemon jell-o,0.8
lemon jello,0.8
lemon jucie,0.8
lemon juice,0.8
lemon juice concentrate,0.8
lemon juice from,0.8
lemon juice from concentrate,0.8
lemon lime soda,0.8
lemon oil,0.8
lemon peel,0.8
lemon pepper,0.4
lemon pie filling,0.8
lemon pudding,0.8
lemon rind,0.8
lemon salt,0.2
lemon slices,0.8
lemon soda,0.8
lemon supreme cake mix,0.8
lemon wedges,0.8
lemon yogurt,0.8
lemon zest,0.8
lemon-lime,0.8
lemon-lime soda,0.8
lemonade,0.8
lemonade concentrate,0.8
lemonade mix,0.8
lemonade mix with equal,0.8
lemons,0.8
lentils,1.0
lesueur green peas,1.0
lesueur peas,1.0
lesueur shoe peg corn,1.0
lettuce leaves,0.4
level,1.0
level tsp,1.0
light,1.0
light alfredo sauce,1.0
light bread,1.0
light brown sugar,0.2
light corn syrup,1.0
light cream,1.2
light cream cheese,1.2
light jelly,1.0
light karo syrup,1.0
light kidney beans,1.0
light margarine,1.0
light molasses,1.0
light oil,1.0
light parkay,1.0
light raisins,1.0
light red kidney beans,1.0
light rum,1.0
light sour cream,1.2
light syrup,1.0
light tuna,1.0
light whipped cream,1.2
ligth corn syrup,1.0
like,1.0
lima beans,1.0
lime,0.8
lime flavored gelatin,0.8
lime gelatin,0.8
lime jell-o,0.8
lime jello,0.8
lime juice,0.8
lime juice concentrate,0.8
lime peel,0.8
lime sherbet,0.8
lime slices,0.8
lime wedges,0.8
limes,0.8
linguine,1.0
linguine pasta,1.0
linguini,1.0
lipton soup mix,1.0
liquid,1.0
liquid butter,1.2
liquid coffee,1.0
liquid detergent,1.0
liquid egg substitute,1.0
liquid from beets,1.0
liquid from peas,1.0
liquid fruit pectin,1.0
liquid hot pepper,0.4
liquid hot pepper sauce,0.4
liquid noncalorie sweetener,1.0
liquid oil,1.0
liquid shortening,1.0
liquid smoke,1.0
liquid smoke flavoring,1.0
liquid sta-,1.0
liquid starch,1.0
liquid sucaryl,1.0
liquid sweetener,1.0
liquid tempera,1.0
lite cream cheese,1.2
lite ham,1.0
lite margarine,1.0
lite salt,0.2
lite-line cheese,1.2
liter,1.0
liters ginger ale,3.0
lo-cal spicy sweet french dressing,1.0
loaves,1.0
lobster,1.0
lobsters,1.0
loin,1.0
long,1.0
long grain,1.0
long grain converted rice,0.2
long grain rice,0.2
long grain white rice,0.2
long red,1.0
long-grain rice,0.2
longhorn cheese,1.2
lopez cream,1.2
lots of ice,1.0
lots of pepper,0.4
love,1.0
low oil mayonnaise,1.0
low-fat baked pie shell,1.0
low-fat cottage cheese,1.2
low-fat cream cheese,1.2
low-fat farmer cheese,1.2
low-fat ground beef,2.5
low-fat margarine,1.0
low-fat mayonnaise,1.0
low-fat milk,1.2
low-fat monterey,1.0
low-fat ramen noodles,1.0
low-fat ricotta cheese,1.2
low-fat sour cream,1.2
low-fat sweetened condensed milk,1.2
low-fat vanilla wafers,1.0
low-fat yogurt,1.2
low-salt,0.2
low-salt chicken broth,0.2
lump crab meat,1.0
lump crabmeat,1.0
lump of butter,1.2
lunch meat,1.0
luncheon meat,1.0
lye,1.0
macaroni,1.0
macaroni noodles,1.0
macaroni shells,1.0
macaroni twists,1.0
macaroons,1.0
mace,1.0
madeira,1.0
maggi sauce,1.0
magnolia condensed milk,1.2
mandarin juice,1.0
mandarin orange sections,0.8
mandarin oranges,0.8
mango,0.8
mangoes,0.8
manwich,1.0
maple,1.0
maple flavoring,1.0
maple syrup,1.0
maple-flavor syrup,1.0
maraschino cherries,1.0
maraschino cherry,1.0
maraschino cherry juice,1.0
maraschino cherry syrup,1.0
maraschino red cherries,1.0
margarine,1.0
margarine tubs,1.0
marinade,1.0
marinade sauce,1.0
marinara sauce,1.0
marjoram,1.0
marjoram leaves,1.0
marsala,1.0
marsala wine,1.0
marshmallow,1.0
marshmallow cream,1.2
marshmallow crem,1.0
marshmallow creme,1.0
marshmallow fluff,1.0
marshmallow topping,1.0
marshmallows,1.0
masa harina,1.0
mascarpone,1.0
mascarpone cheese,1.2
mashed banana,0.8
mashed bananas,0.8
mashed capers,1.0
mashed fruit,1.0
mashed potatoes,0.2
mashed prunes,1.0
mashed ripe banana,0.8
mashed ripe bananas,0.8
mashed strawberries,1.0
mashed sweet potato,0.2
mashed sweet potatoes,0.2
mashed tofu,1.0
match,1.0
matzo meal,1.0
mayo,1.0
mayonnaise,1.0
mcbutter,1.2
meal,1.0
meal mix,1.0
meat,1.0
meat marinade,1.0
meat sauce,1.0
meatball meat,1.0
meatballs,1.0
meatless sauce,1.0
meats,1.0
meaty soup bones,1.0
mediterranean black olives,1.0
medium cheese,1.2
medium cracker crumbs,1.0
medium shells,1.0
medium wide egg noodles,1.0
medley cereal,1.0
mein noodles,1.0
melted crisco,1.0
melted meat drippings,1.0
melting chocolate,1.0
meringue,1.0
meringue pie topping,1.0
mexicorn,1.0
meyers,1.0
midori liqueur,1.0
mild cheese,1.2
mild chili seasoning,1.0
milk,1.2
milk chocolate,1.2
milk chocolate bar,1.2
milk chocolate blocks,1.2
milk chocolate chips,1.2
milk chocolate frosting,1.2
milk chocolate morsels,1.2
milk powder,1.2
milky,1.2
millet,1.0
mince meat,1.0
mincemeat,1.0
minestrone soup,1.0
mini reese's,1.0
miniature reese's,1.0
minor beef base,2.5
mint,1.0
mint chip ice cream,1.2
mint chocolate chip ice cream,1.2
mint chocolate chips,1.0
mint cookies,1.0
mint flakes,1.0
mint flavor,1.0
mint flavored chocolate chips,1.0
mint flavored chocolate morsels,1.0
mint jelly,1.0
mint leaves,1.0
mint sprigs,1.0
minute rice,0.2
miracle,1.0
miracle whip,1.0
mix,1.0
mixed beans,1.0
mixed candied fruit,1.0
mixed citrus fruit,1.0
mixed dried beans,1.0
mixed dried fruit,1.0
mixed fruit,1.0
mixed fruit jello,1.0
mixed herbs,1.0
mixed nuts,1.0
mixed pickle spice,1.0
mixed pickling spice,1.0
mixed salad greens,1.0
mixed soup vegetables,1.0
mixed spiced,1.0
mixed spices,1.0
mixed vegetables,1.0
mixed veggies,1.0
mixture,1.0
mock crab meat,1.0
moist coconut,1.0
molasses,1.0
monde,1.0
monosodium glutamate,1.0
morsels,1.0
morton tender,1.0
morton tender quick salt,0.2
mostaccioli,1.0
mostaccioli noodles,1.0
mozarella cheese,1.2
mozzarella,1.0
mozzarella cheese,1.2
mozzarelle,1.0
muenster,1.0
muenster cheese,1.2
muffin halves,1.0
muffin mix,1.0
muffins,1.0
mullet,1.0
multi-colored candies,1.0
mushroom,1.0
mushroom bits,1.0
mushroom gravy,1.0
mushroom pieces,1.0
mushroom soup,1.0
mushroom soup mix,1.0
mushroom steak sauce,1.0
mushroom stems,1.0
mushrooms,1.0
mussels,1.0
mustard,1.0
nabisco vanilla wafers,1.0
nacho cheese,1.2
nacho cheese chips,1.2
nacho cheese flavor,1.2
nacho cheese soup,1.2
nacho chips,1.0
nachos,1.0
nahum,1.0
native,1.0
native vinegar,1.0
natural almonds,4.0
natural honey,1.0
natural peanut butter,1.2
navy beans,1.0
nectar,1.0
nectarine,1.0
nestles,1.0
new,1.0
new orleans,1.0
new potatoes,0.2
new york state,1.0
niblets corn,1.0
nilla wafers,1.0
no,1.0
no-bake custard mix,1.0
no-boil,1.0
non-caloric,1.0
nondairy creamer,1.2
nondairy whipped topping,1.0
nonfat buttermilk,1.2
nonfat dry milk,1.2
nonfat italian dressing,1.0
nonfat mayonnaise,1.0
nonfat mozzarella cheese,1.2
nonfat plain yogurt,1.2
nonfat ricotta cheese,1.2
nonfat sour cream,1.2
nonfat sweetened condensed milk,1.2
nonfat vanilla,1.0
nonfat yogurt,1.2
nonhomogenized peanut butter,1.2
nonstick cooking spray,1.0
nonstick vegetable cooking spray,1.0
nonstick vegetable spray,1.0
noodle soup,1.0
noodles,1.0
northern beans,1.0
numbers,1.0
nut halves,1.0
nut meats,1.0
nutmeats,1.0
nutmeg,1.0
nutrasweet spoonful,1.0
nuts,1.0
oatmeal,1.0
oats,1.0
of cooking oil,1.0
of mayonnaise,1.0
of water,1.0
oil,1.0
oil of choice,1.0
oil of cinnamon,1.0
oil of peppermint,0.4
okra,1.0
okra pods,1.0
old-fashioned,1.0
old-fashioned oatmeal,1.0
old-fashioned oatmeal flakes,1.0
oleo,1.0
oleo/butter,1.2
oleomargarine,1.0
olive,1.0
olive halves,1.0
olive juice,1.0
olive oil,4.0
olive oil spray,4.0
olive or,1.0
olive wedges,1.0
olives,1.0
onion,0.2
onion buns,0.2
onion chips,0.2
onion flakes,0.2
onion gravy mix,0.2
onion juice,0.2
onion powder,0.2
onion rings,0.2
onion salt,0.2
onion soup,0.2
onion soup mix,0.2
onion tops,0.2
onion-mushroom soup mix,0.2
onions,0.2
orange,0.8
orange cake,0.8
orange candy,0.8
orange crush drink,0.8
orange drink,0.8
orange extract,0.8
orange flavor,0.8
orange flavored,0.8
orange flavored instant breakfast,0.8
orange flavoring,0.8
orange gelatin,0.8
orange jell-o,0.8
orange jello,0.8
orange juice,0.8
orange juice concentrate,0.8
orange liqueur,0.8
orange marmalade,0.8
orange mix,0.8
orange peel,0.8
orange pekoe tea bags,0.8
orange pop,0.8
orange rind,0.8
orange roughy,0.8
orange sections,0.8
orange segments,0.8
orange sherbet,0.8
orange slice,0.8
orange slice candies,0.8
orange slice candy,0.8
orange sliced candy,0.8
orange slices,0.8
orange spice herbal tea bags,0.8
orange sugar,0.2
orange tang,0.8
orange topping,0.8
orange vinegar,0.8
orange wedges,0.8
orange zest,0.8
orange-flavored gelatin,0.8
orange-grapefruit juice,0.8
orange-lemon icing,0.8
orange-pineapple jello,0.8
oranges,0.8
oregano,3.0
oregano flakes,3.0
oregano leaves,3.0
oreo cookies,1.0
oreos,1.0
original hidden,1.0
original hidden valley dressing,1.0
ortego chilies,1.0
orzo,1.0
orzo pasta,1.0
other greens,1.0
other shortening,1.0
other vegetables,1.0
others,1.0
oven-ready,1.0
overflowing tsp,1.0
overripe bananas,0.8
owens hot sausage,1.0
owens sausage,1.0
own faults,1.0
oyster crackers,1.0
oyster liquid,1.0
oyster sauce,1.0
oysters,1.0
pack,1.0
pack black walnuts,4.0
pack cream cheese,1.2
pack skim,1.0
packet,1.0
packets equal,1.0
packets instant chicken broth,2.5
packets instant chicken broth/seasoning mix,2.5
packets splenda,1.0
packets sugar,0.2
packets sugar substitute,0.2
packets taco,1.0
packets washington brown seasoning broth,1.0
pads margarine,1.0
pan sausage,1.0
pancake flour,0.2
pancake mix,1.0
pancake syrup,1.0
papaya,1.0
paper,1.0
paprika,3.0
paraffin,1.0
paraffin wax,1.0
pared,1.0
pared apples,0.8
parkay margarine,1.0
parmesan,1.0
parmesan cheese,1.2
parsley,3.0
parsley flakes,3.0
parsley sprig,3.0
parsley sprigs,3.0
parsley springs,3.0
parsley stems,3.0
parsley-pimiento glaze,3.0
parsnip,1.0
parsnips,1.0
partly,1.0
party,1.0
party rolls,1.0
party rye,1.0
party rye bread,1.0
pasta,1.0
pasta of your choice,1.0
pasta ready,1.0
pasta sauce,1.0
pasta shells,1.0
pasta-style,1.0
pastel mint,1.0
pasteurized cheese,1.2
pasteurized cheese food,1.2
pastry,1.0
pastry pie shell,1.0
pastry shell,1.0
pastry shells,1.0
patience,1.0
pats butter,1.2
pats of butter,1.2
patty of butter,1.2
peach,1.0
peach halves,1.0
peach jello,1.0
peach juice,1.0
peach juice from,1.0
peach pie filling,1.0
peach preserves,1.0
peach slices,1.0
peaches,1.0
peanut,1.0
peanut butter,1.2
peanut candies,1.0
peanut oil,1.0
peanuts,1.0
pear,1.0
pear cider,1.0
pear halves,1.0
pear juice,1.0
pear sauce,1.0
pear slices,1.0
pearl barley,1.0
pearl onions,0.2
pears,1.0
peas,1.0
peas optional,1.0
pebbles,1.0
pecan,1.0
pecan chips,1.0
pecan crumbs,1.0
pecan halves,1.0
pecan nuts,1.0
pecan pieces,1.0
pecans,1.0
peck,1.0
peck pears,1.0
peck ripe tomatoes,1.0
pectin,1.0
peel powder,1.0
peeled apples,0.8
peels,1.0
peg corn,1.0
peg white corn,1.0
pemento,1.0
penne,1.0
penne pasta,1.0
pepper,0.4
pepper cheese,0.4
pepper flakes,0.4
pepper sauce,0.4
peppercorn,0.4
peppercorns,0.4
peppermint,0.4
peppermint candy,0.4
peppermint flavor,0.4
peppermint flavoring,0.4
peppermint ice cream,0.4
peppermint oil,0.4
peppermints,0.4
pepperoncini,0.4
pepperoncini salad peppers,0.4
pepperoni,0.4
pepperoni slices,0.4
pepperoni stick,0.4
peppers,0.4
pepsi,1.0
perch fillets,1.0
percolator,1.0
persimmon pulp,1.0
persimmons,1.0
person,1.0
pesto,1.0
pet cream,1.2
pet milk,1.2
pet-ritz,1.0
pet-ritz pie crust shell,1.0
pet-ritz regular pie crusts,1.0
philadelphia cream cheese,1.2
phillip's pork,2.5
phyllo leaves,1.0
phyllo pastry,1.0
picante,1.0
picante sauce,1.0
pickapeppa sauce,1.0
pickle juice,1.0
pickle lime,0.8
pickle relish,1.0
pickles,1.0
pickling lime,0.8
pickling salt,0.2
pickling spice,1.0
pickling spices,1.0
pie apples,0.8
pie crust,1.0
pie crusts,1.0
pie filling,1.0
pie fruit filling,1.0
pie shell,1.0
pie shells,1.0
pimento,1.0
pimento cheese,1.2
pimentos,1.0
pimiento,1.0
pimiento strips,1.0
pimientos,1.0
pina colada mix,1.0
pina colada sherbet,1.0
pine nuts,1.0
pineapple,0.8
pineapple bits,0.8
pineapple cake mix,0.8
pineapple chunks,0.8
pineapple ice cream topping,0.8
pineapple juice,0.8
pineapple liquid,0.8
pineapple pie filling,0.8
pineapple preserves,0.8
pineapple sherbet,0.8
pineapple tidbits,0.8
pink,1.0
pink lemonade,0.8
pink salmon,1.0
pinto,1.0
pinto beans,1.0
pintos,1.0
pioneer biscuit mix,1.0
pistachio,4.0
pistachio instant pudding,4.0
pistachio pie filling,4.0
pistachio pudding,4.0
pistachios,4.0
pita bread,1.0
pita breads,1.0
pita pocket bread,1.0
pizza,1.0
pizza cheese,1.2
pizza crust,1.0
pizza dough,1.0
pizza sauce,1.0
pizza seasonings,1.0
plain yogurt,1.2
planters slivered almonds,4.0
plaster,1.0
playing together,1.0
pods,1.0
points,1.0
poke greens,1.0
popcorn,1.0
popcorn oil,1.0
poppy seed,1.0
poppy seeds,1.0
popsicle sticks,1.0
porcini mushrooms,1.0
pork,2.5
pork &,2.5
pork chips,2.5
pork chops,2.5
pork country-style,2.5
pork cubes,2.5
pork fat,2.5
pork loin,2.5
pork loin chops,2.5
pork loin cutlets,2.5
pork loin roast,2.5
pork marinade,2.5
pork meat,2.5
pork roast,2.5
pork sausage,2.5
pork shoulder,2.5
pork shoulder roast,2.5
pork shoulder steak,2.5
pork spareribs,2.5
pork tenderloin,2.5
portabella caps,1.0
porterhouse steak,1.0
portion,1.0
portion understanding,1.0
potato,0.2
potato chips,0.2
potato flakes,0.2
potato slices,0.2
potato(es,0.2
potatoes,0.2
potatoes o'brien,0.2
poultry season,1.0
poultry seasoning,1.0
pound cake mix,1.0
powder,1.0
powdered,1.0
powdered cloves,1.0
powdered cocoa,1.0
powdered confectioners sugar,0.2
powdered cream,1.2
powdered creamer,1.2
powdered garlic,3.0
powdered ginger,3.0
powdered hawaiian,1.0
powdered instant coffee,1.0
powdered milk,1.2
powdered mustard,1.0
powdered nestle,1.0
powdered nondairy creamer,1.2
powdered orange drink,0.8
powdered sugar,0.2
powdered thyme,1.0
powdered turmeric,3.0
prayers,1.0
prepared mustard,1.0
prepared pie filling,1.0
preserves,1.0
pretzel bits,1.0
pretzel crumbs,1.0
pretzel rods,1.0
pretzel sticks,1.0
pretzels,1.0
process cheese,1.2
processed cheese,1.2
progresso black beans,1.0
provolone cheese,1.2
prune juice,1.0
prune puree,1.0
prunes,1.0
pudding,1.0
pudding included yellow cake mix,1.0
puerto,1.0
puffed raisins,1.0
puffed wheat,1.0
puffs,1.0
pulp,1.0
pumpkin,1.0
pumpkin pie filling,1.0
pumpkin pie spice,1.0
pumpkin pie spices,1.0
pumpkin puree,1.0
pumpkin seeds,1.0
purple,1.0
purple grapes,1.0
purple onion,0.2
purple onions,0.2
quahaugs,1.0
quartered cherry tomatoes,1.0
quartered red potatoes,0.2
quick grits,1.0
quick-cooking,1.0
rabbit,1.0
rabbits,1.0
radish,1.0
radish slices,1.0
radishes,1.0
raisins,1.0
ramen,1.0
ramen noodles,1.0
ramen soup noodles,1.0
ranch style red beans,1.0
rapid-rising,1.0
rapidrise yeast,1.0
raspberries,1.0
raspberry,0.8
raspberry flavored gelatin,0.8
raspberry gelatin,0.8
raspberry jello,0.8
raspberry jelly,0.8
raspberry sherbet,0.8
raspberry yogurt,0.8
ravioli,1.0
raw spinach,0.4
raw strawberries,1.0
ready,1.0
ready-bake pie crusts,1.0
ready-to-serve chicken,2.5
realemon,0.8
realemon juice,0.8
realemon juice from concentrate,0.8
recipe basic sweet dough,1.0
recipe biscuits,1.0
recipe homemade buttermilk,1.2
recipe secrets,1.0
recipe secrets fiesta,1.0
red,1.0
red and,1.0
red and/or,1.0
red apple,0.8
red apples,0.8
red beans,1.0
red bell pepper,0.4
red bell peppers,0.4
red bermuda onion,0.2
red burgundy wine,1.0
red cabbage,0.4
red candied cherries,1.0
red cayenne pepper,0.4
red cherries,1.0
red chili,1.0
red chilies,1.0
red cocktail sauce,1.0
red coloring,1.0
red cooking wine,1.0
red currant,1.0
red delicious apple,0.8
red delicious apples,0.8
red enchilada sauce,1.0
red food color,1.0
red food coloring,1.0
red grapes,1.0
red ground pepper,0.4
red hawaiian,1.0
red hot pepper,0.4
red hot pepper sauce,0.4
red hot sauce,1.0
red hots,1.0
red jell-o,1.0
red jello,1.0
red karo,1.0
red kidney,1.0
red kidney beans,1.0
red leaf,1.0
red lentils,1.0
red maraschino cherries,1.0
red new potatoes,0.2
red onion,0.2
red onions,0.2
red pepper,0.4
red peppers,0.4
red pimento,1.0
red pimentos,1.0
red pineapple,0.8
red potatoes,0.2
red radishes,1.0
red raspberry,0.8
red raspberry jello,0.8
red salmon,1.0
red sauce,1.0
red skin potatoes,0.2
red spanish,1.0
red sugar,0.2
red sugar crystals,0.2
red sweet onion,0.2
red sweet pepper,0.4
red sweet peppers,0.4
red syrup,1.0
red tart cherries,1.0
red vegetable coloring,1.0
red vinegar,1.0
red wine,1.0
red wine vinegar,1.0
red/green pepper,0.4
reddi-wip,1.0
refrigerated biscuits,1.0
refrigerator biscuits,1.0
refrigerator cookie,1.0
refrigerator crescent rolls,1.0
refrigerator pizza crust,1.0
refrigerator rolls,1.0
regular biscuits,1.0
regular butterscotch pudding,1.2
regular cheese,1.2
regular chocolate pudding,1.0
regular cooking vanilla pudding mix,1.0
regular cranberry sauce,0.8
regular flour,0.2
regular grits,1.0
regular jimmy dean sausage,1.0
regular long grain rice,0.2
regular marshmallows,1.0
regular milk,1.2
regular mountain dew,1.0
regular mustard,1.0
regular oats,1.0
regular rice,0.2
regular salt,0.2
regular tomato catsup,1.0
regular vanilla pudding,1.0
regular velveeta,1.0
regular velveeta cheese,1.2
relish,1.0
reserved juice,1.0
rhine wine,1.0
rhubarb,1.0
ribs,1.0
rice,0.2
rice cereal,0.2
rice chex cereal,0.2
rice chili,0.2
rice crispies,0.2
rice crispies cereal,0.2
rice krispies,0.2
rice pilaf,0.2
rice vinegar,0.2
rice wine vinegar,0.2
rice-a-roni chicken mushroom,0.2
rich cream,1.2
ricotta,1.0
ricotta cheese,1.2
rigatoni,1.0
ring,1.0
ring macaroni,1.0
rinsed lentils,1.0
ripe olives,1.0
ro-tel,1.0
ro-tel chili and tomatoes,1.0
ro-tel tomatoes,1.0
roast,1.0
rock,1.0
roll,1.0
roll chocolate chip,1.0
roll garlic,3.0
roll jimmy,1.0
roll pork sausage,2.5
roll sausage,1.0
roll slice,1.0
roll smoked cheese,1.2
roll sugar cookies,0.2
rolled oats,1.0
rolls,1.0
rolls garlic,3.0
romaine lettuce,0.4
romano cheese,1.2
ronzoni,1.0
rosemary,1.0
rosemary leaf,1.0
rosmarino pasta,1.0
rotelle,1.0
rotini,1.0
rotini garden spirals,1.0
rotini noodles,1.0
rotini pasta,1.0
round rye bread,1.0
round steak,1.0
rum,1.0
rum flavoring,1.0
rump roast,1.0
rutabaga,1.0
rutabagas,1.0
rye,1.0
rye bread,1.0
rye flour,0.2
rye meal,1.0
sack tortilla chips,1.0
sacrifice,1.0
safflower,1.0
safflower oil,1.0
saffron,4.0
saffron yellow rice,0.2
sage,1.0
saifon,1.0
salad,1.0
salad crispins,1.0
salad crunchies,1.0
salad dressing,1.0
salad greens,1.0
salad oil,1.0
salad seasoning,1.0
salad seasonings,1.0
salad style mustard,1.0
salad supreme,1.0
salad supreme seasoning,1.0
salal berries,1.0
salal juice,1.0
salami,1.0
salmon,1.0
salmon filets,1.0
salmon fillet,1.0
salmon steaks,1.0
salsa,1.0
salsa plus additional,1.0
salsa sauce,1.0
salt,0.2
salt pork,0.2
salt pork drippings,0.2
salt pork liquor,0.2
salt water,0.2
salted almonds,0.2
salted spanish peanuts,0.2
saltine cracker crumbs,0.2
saltine crackers,0.2
saltine crumbs,0.2
same size,1.0
sandies,1.0
sandwich,1.0
sandwich buns,1.0
sandwich pepperoni,0.4
sandwich sauce,1.0
sandwich spread,1.0
sauce,1.0
sauerkraut,1.0
sausage,1.0
sausage links,1.0
sausage meat,1.0
sausage patties,1.0
sausages,1.0
sauterne wine,1.0
savers,1.0
scallion,1.0
scallion tops,1.0
scallions,1.0
scallops,1.0
schilling mexican,1.0
scotch,1.0
seafood,1.0
seafood of your choice,1.0
seashell macaroni,1.0
season,1.0
season-all,1.0
seasoning,1.0
seasoning ham,1.0
seasoning mix,1.0
seasoning salt,0.2
seasonings,1.0
secret ingredients,1.0
sections,1.0
see moi,1.0
seeded raisins,1.0
seedless grapes,1.0
seedless white grapes,1.0
semi sweet chocolate chips,1.0
semi-sweet,1.0
semi-sweet chips,1.0
semi-sweet chocolate,1.0
semi-sweet chocolate bits,1.0
semi-sweet chocolate chips,1.0
semi-sweet chocolate mini morsels,1.0
semi-sweet chocolate morsels,1.0
semi-sweet chocolate pieces,1.0
semi-sweet pieces,1.0
semi-sweet real chocolate chips,1.0
serrano chilies,1.0
serving size) envelope low calorie lemon gelatin,0.8
sesame crackers,1.0
sesame oil,1.0
sesame seed,1.0
sesame seed plus,1.0
sesame seeds,1.0
several green tomatoes,1.0
shallot,1.0
shallots,1.0
shallow pie shells,1.0
shank portion,1.0
sharp cheese,1.2
shasta creme soda,1.0
shell,1.0
shell macaroni,1.0
shell noodles,1.0
shell of milk,1.2
shell pasta,1.0
shellfish,2.5
shells,1.0
sherbet,1.0
sherry,1.0
sherry cooking wine,1.0
sherry wine,1.0
shin bone,1.0
short ribs,1.0
shortbread,1.0
shortbread cookies,1.0
shortening,1.0
shortening and margarine,1.0
shot of tabasco,1.0
shoyu,1.0
shredded cabbage,0.4
shredded carrot,0.4
shredded cheddar,1.0
shredded cheese,1.2
shredded coconut,1.0
shredded fontina,1.0
shredded green cabbage,0.4
shredded lettuce,0.4
shredded monterey,1.0
shredded monterey cheese,1.2
shredded monterey jack,1.0
shredded monterey jack cheese,1.2
shredded mozzarella,1.0
shredded sharp cheddar,1.0
shredded sharp cheddar cheese,1.2
shredded wheat,1.0
shredded wheat chex,1.0
shrimp,2.5
shrimp sauce,2.5
shrimp soup,2.5
shrimp water,2.5
sirloin,1.0
sirloin steak,1.0
sirloin steaks,1.0
sirloin tip,1.0
slab wax,1.0
sliced meat,1.0
slivered almonds,4.0
slivers,1.0
small cheese crackers,1.2
smoke flavor,1.0
smooth applesauce,0.8
smooth peanut butter,1.2
snack raisins,1.0
snickers,1.0
snow peas,1.0
snyders pretzels,1.0
soap flakes,1.0
soba noodles,1.0
soda,1.0
soda cracker crumbs,1.0
soda crackers,1.0
soft shell tacos,1.0
soft tortillas,1.0
softasilk cake flour,0.2
softened ice cream,1.2
sole fillets,1.0
solid crisco,1.0
solid crisco shortening,1.0
solid pack pumpkin,1.0
solid pumpkin,1.0
solid shortening,1.0
sompin,1.0
sorghum,1.0
sorghum molasses,1.0
soul seasoning,1.0
soup,1.0
soup bone,1.0
soup meat,1.0
sour cherries,1.0
sour cream,1.2
sour cream lite,1.2
sour cream onion,0.2
sour half and half,1.0
sour milk,1.2
sourdough starter,1.0
southern style dressing,1.0
soy,1.0
soy flour,0.2
soy sauce,1.0
space,1.0
spaghetti,1.0
spaghetti sauce,1.0
spaghetti sauce mix,1.0
spanish olives,1.0
spanish paprika,3.0
spanish rice,0.2
spanish seasoning,1.0
spareribs,1.0
sparkling mineral water,1.0
sparkling water,1.0
spatini,1.0
spearmint flavor,1.0
speck of salt,0.2
spice,1.0
spice cake,1.0
spicy mustard,1.0
spinach,0.4
spinach leaves,0.4
spinach noodles,0.4
spiral noodles,1.0
spiral pasta,1.0
splenda,1.0
split peas,1.0
spoonful miracle,1.0
spread,1.0
spring macaroni,1.0
spring onions,0.2
sprinkles,1.0
sprinkles marjoram,1.0
sprinkling of chocolate sprinkles,1.0
sprinkling of pepper,0.4
sprite,1.0
sprouts,1.0
squash,1.0
squirrels,1.0
squirt,1.0
squish,1.0
stack,1.0
stack crackers,1.0
stale,1.0
stalk celery,1.0
stalks broccoli,0.4
stalks celery,1.0
stalks crisp celery,1.0
starch,1.0
starter,1.0
starter juice,1.0
steak,1.0
steak sauce,1.0
steak seasoning,1.0
steamed white rice,0.2
stella d'oro anginetti puffs,1.0
stew beef,2.5
stew meat,1.0
stewing beef,2.5
stewing chicken,2.5
sticks,1.0
stir-fry vegetables,1.0
stock,1.0
stocks celery,1.0
stone ground,1.0
stone ground corn meal,1.0
stone ground rye flour,0.2
stouffer's,1.0
stout,1.0
stove top chicken,2.5
stove top chicken stuffing,2.5
stove top dressing,1.0
stove top stuffing,1.0
stove top stuffing chicken flavor,2.5
stove top stuffing mix,1.0
strawberries,1.0
strawberry,0.8
strawberry bacardi,0.8
strawberry cream cheese,0.8
strawberry flavored,0.8
strawberry flavored gelatin,0.8
strawberry gelatin,0.8
strawberry glaze,0.8
strawberry halves,0.8
strawberry ice cream,0.8
strawberry jam,0.8
strawberry jell-o,0.8
strawberry jello,0.8
strawberry jelly,0.8
strawberry preserves,0.8
strawberry supreme cake mix,0.8
strawberry topping,0.8
strawberry-banana,0.8
strawberry-flavored gelatin,0.8
string beans,1.0
stroganoff sauce mix,1.0
stuffed olives,1.0
stuffing,1.0
stuffing crumbs,1.0
stuffing cubes,1.0
stuffing mix,1.0
suet,1.0
sugar,0.2
sugar cookie,0.2
sugar honey,0.2
sugar replacement,0.2
sugar substitute,0.2
sugar-free cherry,0.2
summer,1.0
summer sausage,1.0
summer squash,1.0
sunbeam bread,1.0
sunflower,1.0
sunflower nuts,1.0
sunflower seeds,1.0
swans,1.0
sweet,1.0
sweet and,1.0
sweet apple cider,0.8
sweet basil,3.0
sweet butter,1.2
sweet chocolate,1.0
sweet chocolate chips,1.0
sweet coconut juice,1.0
sweet condensed milk,1.2
sweet cream,1.2
sweet gherkin pickle,1.0
sweet green peas,1.0
sweet green pepper,0.4
sweet italian sausage,1.0
sweet milk,1.2
sweet onion,0.2
sweet onions,0.2
sweet orange,0.8
sweet oranges,0.8
sweet paprika,3.0
sweet peas,1.0
sweet pepper,0.4
sweet peppers,0.4
sweet pickle,1.0
sweet pickle juice,1.0
sweet pickle relish,1.0
sweet pickled salad cubes,1.0
sweet pickles,1.0
sweet potato,0.2
sweet potatoes,0.2
sweet red,1.0
sweet red bell pepper,0.4
sweet red onion,0.2
sweet red pepper,0.4
sweet red peppers,0.4
sweet relish,1.0
sweet rice flour,0.2
sweet roasted peppers,0.4
sweet sausage,1.0
sweet yellow pepper,0.4
sweetener,1.0
swiss,1.0
swiss chard,1.0
swiss cheese,1.2
swiss chocolate cake mix,1.0
syrup,1.0
t shortening,1.0
tabasco,1.0
tabasco hot pepper sauce,0.4
tabasco sauce,1.0
tablets,1.0
taco,1.0
taco cheese,1.2
taco chips,1.0
taco mix,1.0
taco salsa,1.0
taco sauce,1.0
taco sauce mix,1.0
taco seasoning,1.0
taco seasoning mix,1.0
tahini,1.0
tamales,1.0
tamari,1.0
tamari sauce,1.0
tandoor spice,1.0
tandoori mix,1.0
tapioca,1.0
tapioca pudding,1.0
taragon basil,3.0
tarragon,1.0
tarragon leaves,1.0
tarragon vinegar,1.0
tart apple,0.8
tart apples,0.8
tart cherries,1.0
tart pie cherries,1.0
tart shells,1.0
tartar sauce,1.0
tater,1.0
tea,1.0
tender okra,1.0
tenderloin,1.0
tenderloins,1.0
teriyaki sauce,1.0
texas white onions,0.2
thank you apple filling,0.8
thank you cherries,1.0
thawed broccoli,0.4
thawed spinach,0.4
thawed whipped topping,1.0
thick applesauce,0.8
thick rind,1.0
thighs,1.0
thin apples,0.8
thin bread,1.0
thin celery,1.0
thin cucumber,1.0
thin cucumbers,1.0
thin green onion strips,0.2
thin ham,1.0
thin noodles,1.0
thin pretzels,1.0
thin sliced pork chops,2.5
thin slices,1.0
thin slices bermuda onion,0.2
thin slices black forest ham,1.0
thin slices ham,1.0
thin slices swiss cheese,1.2
thin smoked beef,2.5
thin spaghetti,1.0
thin stick pretzels,1.0
thin strips carrots,0.4
thin strips red bell pepper,0.4
thin strips summer squash,1.0
thin strips zucchini,1.0
thin white bread slices,1.0
thin-sliced,1.0
thoughtfulness,1.0
three cheese,1.2
thyme,1.0
tia maria,1.0
tightly packed dandelion blossoms,1.0
time,1.0
tiny shrimp,2.5
toasted wheat germ,1.0
tobacco,1.0
toes garlic,3.0
toffee bits,1.0
tofu,1.0
tomato,1.0
tomato bisque,1.0
tomato catsup,1.0
tomato halves,1.0
tomato hot sauce,1.0
tomato juice,1.0
tomato ketchup,1.0
tomato paste,1.0
tomato pate,1.0
tomato puree,1.0
tomato salsa,1.0
tomato sauce,1.0
tomato sauce cans,1.0
tomato sauce special,1.0
tomato slices,1.0
tomato soup,1.0
tomato wedges,1.0
tomatoe sauce,1.0
tomatoes,1.0
tooth picks,1.0
topping,1.0
toppings,1.0
tops,1.0
torn arugula,1.0
torn leaf lettuce,0.4
torn spinach greens,0.4
tortellini,1.0
tortellini with parmesan cheese,1.2
tortilla,1.0
tortilla chips,1.0
tortilla shells,1.0
tortillas,1.0
tostada shells,1.0
tostitos,1.0
trays ice cubes,1.0
tri-colored cheese tortellini,1.2
tricolor rotini,1.0
triple sec,1.0
trout,1.0
tsp.pepper,0.4
tsp.salt,0.2
tube sharp cheese,1.2
tubs,1.0
tuna,1.0
tuna fish,2.5
tuna steaks,1.0
turkey,2.5
turkey breast cutlets,2.5
turkey broth,2.5
turkey ham,2.5
turkey sausage,2.5
turkey steaks,2.5
turmeric,3.0
turmeric +,3.0
turmeric powder,3.0
turnips,1.0
twinkies,1.0
twirls,1.0
type poultry dressing,1.0
unbaked pie crust,1.0
unbaked pie crusts,1.0
unbaked pie pastries,1.0
unbaked pie shell,1.0
unbaked pie shells,1.0
unbeaten egg,1.0
unbeaten egg whites,1.0
unbleached white flour,0.2
unbolted white corn meal,1.0
uncle ben,1.0
uncle ben's,1.0
uncle ben's minute rice,0.2
uncooked strawberries,1.0
understanding,1.0
unflavored gelatin,1.0
unflavored gelatine,1.0
unpeeled apples,0.8
unpeeled red potatoes,0.2
unprocessed oat bran,1.0
unsalted butter,0.2
unsalted crackers,0.2
unsalted macadamia nuts,0.2
unsalted margarine,0.2
unsalted smooth peanut butter,0.2
unsalted soda crackers,0.2
unsalted tortilla chips,0.2
unshelled shrimp,2.5
unsweetened applesauce,0.8
unsweetened baker's chocolate,1.0
unsweetened chocolate,1.0
unsweetened chocolate squares,1.0
unsweetened cocoa,1.0
unsweetened coconut,1.0
unsweetened instant tea,1.0
unsweetened lemonade mix,0.8
unsweetened rhubarb,1.0
unsweetened strawberries,1.0
up,1.0
valley,1.0
valley dressing,1.0
valley original salad dressing,1.0
vanilla,1.0
vanilla bean,1.0
vanilla butternut flavoring,1.2
vanilla cake mix,1.0
vanilla caramels,1.0
vanilla chips,1.0
vanilla dessert,1.0
vanilla extract,1.0
vanilla filling,1.0
vanilla flavor,1.0
vanilla flavored candy coating,1.0
vanilla flavoring,1.0
vanilla frosting,1.0
vanilla frosting supreme,1.0
vanilla frozen yogurt,1.2
vanilla ice cream,1.2
vanilla ice milk,1.2
vanilla instant pie,1.0
vanilla instant pudding,1.0
vanilla instant pudding mix,1.0
vanilla junket,1.0
vanilla low-fat yogurt,1.2
vanilla pie filling,1.0
vanilla pudding,1.0
vanilla pudding mix,1.0
vanilla ready frosting,1.0
vanilla sugar,0.2
vanilla tapioca,1.0
vanilla wafer crumbs,1.0
vanilla wafers,1.0
vanilla yogurt,1.2
varieties,1.0
veal,1.0
veal bones,1.0
veal cutlets,1.0
veal filets,1.0
veal patties,1.0
veal round,1.0
veal shoulder,1.0
veal stew meat,1.0
veg-all,1.0
veg-all vegetables,1.0
veg-e,1.0
vegeburger,1.0
vegetable,1.0
vegetable beef soup,2.5
vegetable bouillon,1.0
vegetable broth,1.0
vegetable combination,1.0
vegetable cooking oil,1.0
vegetable cooking spray,1.0
vegetable flakes,1.0
vegetable juice,1.0
vegetable juice cocktail,1.0
vegetable oil,1.0
vegetable shortening,1.0
vegetable soup,1.0
vegetable soup mix,1.0
vegetable stock,1.0
vegetable supreme,1.0
vegetable/chicken stock,2.5
vegetables,1.0
vegetarian chicken,2.5
vegetarian skallops,1.0
velveeta,1.0
velveeta cheese,1.2
velveeta cheese macaroni,1.2
velveeta pasteurized process cheese spread,1.2
velveeta shells,1.0
velveeta slices,1.0
venison,1.0
venison roast,1.0
venison stew meat,1.0
vermicelli,1.0
vermicelli noodles,1.0
vermicelli spaghetti,1.0
very,1.0
very cold milk,1.2
very hot lard,1.0
very hot water,1.0
very ripe avocado,1.0
very ripe banana,0.8
very ripe bananas,0.8
very thin,1.0
very warm milk,1.2
very warm water,1.0
vidalia onion,0.2
vidalia onions,0.2
vidalia sweet onions,0.2
vinaigrette,1.0
vinegar,1.0
virgin olive oil,4.0
virginia ham,1.0
vodka,1.0
walnut halves,4.0
walnut meats,4.0
walnut pieces,4.0
walnuts,4.0
warm beer,1.0
warm milk,1.2
warm oil,1.0
warm water,1.0
wash,1.0
washed clean,1.0
watchers,1.0
water,1.0
water chestnuts,1.0
watercress,1.0
watermelon balls,1.0
watermelon rind,1.0
waverly crackers,1.0
wax beans,1.0
weight watchers,1.0
well,1.0
wesson oil,1.0
wheel camembert cheese,1.2
whip cream,1.2
whipped butter,1.2
whipped cream,1.2
whipped cream cheese,1.2
whipped cream topping,1.2
whipped dream,1.0
whipped topping,1.0
whipped whipping cream,1.2
whipping,1.0
whipping cream,1.2
whipping topping,1.0
whiskers,1.0
whiskey,1.0
white,1.0
white albacore tuna,1.0
white almond bark,4.0
white and,1.0
white baking,1.0
white baking chocolate,1.0
white balsamic vinegar,1.0
white batter,1.0
white beans,1.0
white bread,1.0
white bread crumbs,1.0
white cake,1.0
white cake mix,1.0
white cheese,1.2
white chestnuts,1.0
white chicken,2.5
white chicken meat,2.5
white choc,1.0
white chocolate,1.0
white chocolate bits,1.0
white chocolate chips,1.0
white chunk chicken,2.5
white confectionery coating,1.0
white cooking wine,1.0
white corn meal,1.0
white corn syrup,1.0
white cornmeal,1.0
white crab meat,1.0
white crabmeat,1.0
white creme,1.0
white fish,2.5
white flour,0.2
white frosting,1.0
white granulated sugar,0.2
white grape juice,1.0
white grapes,1.0
white heinz vinegar,1.0
white hominy,1.0
white horseradish,1.0
white karo,1.0
white karo syrup,1.0
white kidney beans,1.0
white lily,1.0
white meat,1.0
white minute rice,0.2
white morsels,1.0
white mushrooms,1.0
white mustard seed,1.0
white navy beans,1.0
white northern beans,1.0
white onion,0.2
white onions,0.2
white pepper,0.4
white peppercorns,0.4
white potatoes,0.2
white powdered sugar,0.2
white raisins,1.0
white rice,0.2
white rose potatoes,0.2
white royal,1.0
white rum,1.0
white sandwich bread,1.0
white sauce,1.0
white sauce mix,1.0
white school glue,1.0
white sesame seed,1.0
white shoe peg corn,1.0
white shoepeg corn,1.0
white sugar,0.2
white syrup,1.0
white tuna,1.0
white turnips,1.0
white vinegar,1.0
white wine,1.0
white wine vinegar,1.0
white zinfandel wine,1.0
white/cider vinegar,1.0
whitefish,2.5
whole allspice,1.0
whole almonds,4.0
whole baby clams with liquid,1.0
whole breast,1.0
whole cloves,1.0
whole grain corn,1.0
whole kernel corn,1.0
whole kernel golden corn,1.0
whole kernel golden sweet corn,1.0
whole niblets corn,1.0
whole pink,1.0
whole strawberries,1.0
whole wheat,1.0
whole wheat bread,1.0
whole wheat bread crumbs,1.0
whole wheat bread dough,1.0
whole wheat bread slices,1.0
whole wheat flakes cereal,1.0
whole wheat flour,0.2
whole wheat pastry flour,0.2
whole wheat pie,1.0
whole wheat shells,1.0
wide,1.0
wide chinese,1.0
wide egg noodles,1.0
wide noodles,1.0
wieners,1.0
wienies,1.0
wild onions,0.2
wild rice,0.2
wild strawberry flavor gelatin,0.8
will also,1.0
wine,1.0
wine sauce,1.0
wine vinegar,1.0
wings,1.0
winter,1.0
wintergreen flavor,1.0
wip,1.0
wish-bone italian dressing,1.0
wonton skins,1.0
worcester sauce,1.0
worcestershice sauce,1.0
worcestershire,1.0
worcestershire sauce,1.0
wrappers,1.0
wraps,1.0
yams,1.0
yeast,1.0
yeast cake,1.0
yeast cakes,1.0
yeast flakes,1.0
yellow apples,0.8
yellow beans,1.0
yellow cake,1.0
yellow cake coloring,1.0
yellow cake layers,1.0
yellow cake mix,1.0
yellow cheese,1.2
yellow corn meal,1.0
yellow cornbread,1.0
yellow cornmeal,1.0
yellow cream,1.2
yellow crookneck,1.0
yellow fin tuna,1.0
yellow food coloring,1.0
yellow hominy,1.0
yellow jiffy cake mix,1.0
yellow lima beans,1.0
yellow limas,1.0
yellow mustard,1.0
yellow onion,0.2
yellow onions,0.2
yellow pepper,0.4
yellow raisins,1.0
yellow squash,1.0
yellow string beans,1.0
yellow sumer squash,1.0
yellow/white shredded cheese,1.2
yogurt,1.2
yolk,1.0
yolks,1.0
your choice,1.0
zesta crackers,1.0
zinfandel,1.0
zita,1.0
zucchini,1.0
zwieback crust,1.0
